job,blocks,one_way,k,seed,algo,cost,optimal,planning_ms,peak_kb
blocks=1|exp=seq|k=5|one_way=True|seed=0,1,True,5,0,HeldKarp,108,108,0.126,3.8
blocks=1|exp=seq|k=5|one_way=True|seed=0,1,True,5,0,NN,108,108,0.014,1.1
blocks=1|exp=seq|k=5|one_way=True|seed=0,1,True,5,0,NN2opt,108,108,0.029,1.1
blocks=1|exp=seq|k=5|one_way=True|seed=0,1,True,5,0,GA,108,108,239.224,19.8
blocks=1|exp=seq|k=5|one_way=True|seed=0,1,True,5,0,ACO,108,108,23.565,5.4
blocks=1|exp=seq|k=5|one_way=True|seed=0,1,True,5,0,ALO,108,108,235.255,19.9
blocks=1|exp=seq|k=5|one_way=True|seed=0,1,True,5,0,Hybrid,108,108,0.108,1.1
blocks=1|exp=seq|k=5|one_way=True|seed=2,1,True,5,2,HeldKarp,72,72,0.131,3.8
blocks=1|exp=seq|k=5|one_way=True|seed=2,1,True,5,2,NN,78,72,0.013,1.1
blocks=1|exp=seq|k=5|one_way=True|seed=2,1,True,5,2,NN2opt,72,72,0.052,1.1
blocks=1|exp=seq|k=5|one_way=True|seed=2,1,True,5,2,GA,72,72,242.532,20.1
blocks=1|exp=seq|k=5|one_way=True|seed=2,1,True,5,2,ACO,72,72,24.403,5.5
blocks=1|exp=seq|k=5|one_way=True|seed=2,1,True,5,2,ALO,72,72,237.459,20.3
blocks=1|exp=seq|k=5|one_way=True|seed=2,1,True,5,2,Hybrid,72,72,0.245,1.1
blocks=1|exp=seq|k=5|one_way=True|seed=1,1,True,5,1,HeldKarp,96,96,0.122,3.8
blocks=1|exp=seq|k=5|one_way=True|seed=1,1,True,5,1,NN,102,96,0.016,1.1
blocks=1|exp=seq|k=5|one_way=True|seed=1,1,True,5,1,NN2opt,102,96,0.03,1.1
blocks=1|exp=seq|k=5|one_way=True|seed=1,1,True,5,1,GA,96,96,251.008,20.0
blocks=1|exp=seq|k=5|one_way=True|seed=1,1,True,5,1,ACO,96,96,23.539,5.4
blocks=1|exp=seq|k=5|one_way=True|seed=1,1,True,5,1,ALO,96,96,231.614,22.4
blocks=1|exp=seq|k=5|one_way=True|seed=1,1,True,5,1,Hybrid,96,96,0.197,1.1
blocks=1|exp=seq|k=5|one_way=False|seed=0,1,False,5,0,HeldKarp,54,54,0.116,3.8
blocks=1|exp=seq|k=5|one_way=False|seed=0,1,False,5,0,NN,54,54,0.012,1.1
blocks=1|exp=seq|k=5|one_way=False|seed=0,1,False,5,0,NN2opt,54,54,0.03,1.1
blocks=1|exp=seq|k=5|one_way=False|seed=0,1,False,5,0,GA,54,54,240.937,19.8
blocks=1|exp=seq|k=5|one_way=False|seed=0,1,False,5,0,ACO,54,54,23.819,5.4
blocks=1|exp=seq|k=5|one_way=False|seed=0,1,False,5,0,ALO,54,54,230.687,19.6
blocks=1|exp=seq|k=5|one_way=False|seed=0,1,False,5,0,Hybrid,54,54,0.114,1.1
blocks=1|exp=seq|k=10|one_way=True|seed=2,1,True,10,2,HeldKarp,108,108,9.76,286.0
blocks=1|exp=seq|k=10|one_way=True|seed=2,1,True,10,2,NN,108,108,0.023,1.1
blocks=1|exp=seq|k=10|one_way=True|seed=2,1,True,10,2,NN2opt,108,108,0.117,1.1
blocks=1|exp=seq|k=10|one_way=True|seed=2,1,True,10,2,GA,108,108,293.569,27.4
blocks=1|exp=seq|k=10|one_way=True|seed=2,1,True,10,2,ACO,108,108,58.373,11.6
blocks=1|exp=seq|k=10|one_way=True|seed=2,1,True,10,2,ALO,138,108,247.19,34.7
blocks=1|exp=seq|k=10|one_way=True|seed=2,1,True,10,2,Hybrid,108,108,0.567,1.1
blocks=1|exp=seq|k=10|one_way=True|seed=0,1,True,10,0,HeldKarp,78,78,9.788,286.0
blocks=1|exp=seq|k=10|one_way=True|seed=0,1,True,10,0,NN,78,78,0.024,1.1
blocks=1|exp=seq|k=10|one_way=True|seed=0,1,True,10,0,NN2opt,78,78,0.118,1.1
blocks=1|exp=seq|k=10|one_way=True|seed=0,1,True,10,0,GA,102,78,312.397,27.2
blocks=1|exp=seq|k=10|one_way=True|seed=0,1,True,10,0,ACO,78,78,59.632,11.5
blocks=1|exp=seq|k=10|one_way=True|seed=0,1,True,10,0,ALO,102,78,249.424,34.7
blocks=1|exp=seq|k=10|one_way=True|seed=0,1,True,10,0,Hybrid,78,78,0.567,1.1
blocks=1|exp=seq|k=10|one_way=True|seed=1,1,True,10,1,HeldKarp,108,108,10.054,286.0
blocks=1|exp=seq|k=10|one_way=True|seed=1,1,True,10,1,NN,108,108,0.024,1.1
blocks=1|exp=seq|k=10|one_way=True|seed=1,1,True,10,1,NN2opt,108,108,0.119,1.1
blocks=1|exp=seq|k=10|one_way=True|seed=1,1,True,10,1,GA,114,108,304.224,27.6
blocks=1|exp=seq|k=10|one_way=True|seed=1,1,True,10,1,ACO,108,108,58.345,11.5
blocks=1|exp=seq|k=10|one_way=True|seed=1,1,True,10,1,ALO,156,108,251.726,34.6
blocks=1|exp=seq|k=10|one_way=True|seed=1,1,True,10,1,Hybrid,108,108,0.576,1.1
blocks=1|exp=seq|k=5|one_way=False|seed=2,1,False,5,2,HeldKarp,62,62,0.116,3.8
blocks=1|exp=seq|k=5|one_way=False|seed=2,1,False,5,2,NN,66,62,0.009,1.1
blocks=1|exp=seq|k=5|one_way=False|seed=2,1,False,5,2,NN2opt,62,62,0.045,1.1
blocks=1|exp=seq|k=5|one_way=False|seed=2,1,False,5,2,GA,62,62,231.453,20.1
blocks=1|exp=seq|k=5|one_way=False|seed=2,1,False,5,2,ACO,62,62,24.779,5.4
blocks=1|exp=seq|k=5|one_way=False|seed=2,1,False,5,2,ALO,62,62,210.037,19.8
blocks=1|exp=seq|k=5|one_way=False|seed=2,1,False,5,2,Hybrid,62,62,0.216,1.1
blocks=1|exp=seq|k=5|one_way=False|seed=1,1,False,5,1,HeldKarp,74,74,0.136,3.8
blocks=1|exp=seq|k=5|one_way=False|seed=1,1,False,5,1,NN,78,74,0.011,1.1
blocks=1|exp=seq|k=5|one_way=False|seed=1,1,False,5,1,NN2opt,74,74,0.043,1.1
blocks=1|exp=seq|k=5|one_way=False|seed=1,1,False,5,1,GA,74,74,230.989,20.0
blocks=1|exp=seq|k=5|one_way=False|seed=1,1,False,5,1,ACO,74,74,24.537,5.5
blocks=1|exp=seq|k=5|one_way=False|seed=1,1,False,5,1,ALO,74,74,217.12,20.2
blocks=1|exp=seq|k=5|one_way=False|seed=1,1,False,5,1,Hybrid,74,74,0.227,1.1
blocks=1|exp=seq|k=10|one_way=False|seed=0,1,False,10,0,HeldKarp,70,70,9.408,286.0
blocks=1|exp=seq|k=10|one_way=False|seed=0,1,False,10,0,NN,72,70,0.021,1.1
blocks=1|exp=seq|k=10|one_way=False|seed=0,1,False,10,0,NN2opt,72,70,0.118,1.1
blocks=1|exp=seq|k=10|one_way=False|seed=0,1,False,10,0,GA,70,70,272.803,27.2
blocks=1|exp=seq|k=10|one_way=False|seed=0,1,False,10,0,ACO,70,70,59.755,11.6
blocks=1|exp=seq|k=10|one_way=False|seed=0,1,False,10,0,ALO,84,70,233.987,34.7
blocks=1|exp=seq|k=10|one_way=False|seed=0,1,False,10,0,Hybrid,72,70,0.559,1.1
blocks=1|exp=seq|k=10|one_way=False|seed=1,1,False,10,1,HeldKarp,82,82,10.966,286.0
blocks=1|exp=seq|k=10|one_way=False|seed=1,1,False,10,1,NN,90,82,0.02,1.1
blocks=1|exp=seq|k=10|one_way=False|seed=1,1,False,10,1,NN2opt,82,82,0.228,1.1
blocks=1|exp=seq|k=10|one_way=False|seed=1,1,False,10,1,GA,82,82,270.053,27.6
blocks=1|exp=seq|k=10|one_way=False|seed=1,1,False,10,1,ACO,82,82,59.315,11.6
blocks=1|exp=seq|k=10|one_way=False|seed=1,1,False,10,1,ALO,96,82,235.984,34.7
blocks=1|exp=seq|k=10|one_way=False|seed=1,1,False,10,1,Hybrid,82,82,1.344,1.1
blocks=2|exp=seq|k=5|one_way=True|seed=1,2,True,5,1,HeldKarp,96,96,0.118,3.8
blocks=2|exp=seq|k=5|one_way=True|seed=1,2,True,5,1,NN,96,96,0.011,1.1
blocks=2|exp=seq|k=5|one_way=True|seed=1,2,True,5,1,NN2opt,96,96,0.029,1.1
blocks=2|exp=seq|k=5|one_way=True|seed=1,2,True,5,1,GA,96,96,265.691,20.0
blocks=2|exp=seq|k=5|one_way=True|seed=1,2,True,5,1,ACO,96,96,24.274,5.5
blocks=2|exp=seq|k=5|one_way=True|seed=1,2,True,5,1,ALO,96,96,211.335,25.8
blocks=2|exp=seq|k=5|one_way=True|seed=1,2,True,5,1,Hybrid,96,96,0.102,1.1
blocks=2|exp=seq|k=5|one_way=True|seed=0,2,True,5,0,HeldKarp,102,102,0.116,3.8
blocks=2|exp=seq|k=5|one_way=True|seed=0,2,True,5,0,NN,126,102,0.01,1.1
blocks=2|exp=seq|k=5|one_way=True|seed=0,2,True,5,0,NN2opt,126,102,0.029,1.1
blocks=2|exp=seq|k=5|one_way=True|seed=0,2,True,5,0,GA,102,102,309.586,19.8
blocks=2|exp=seq|k=5|one_way=True|seed=0,2,True,5,0,ACO,114,102,23.323,5.5
blocks=2|exp=seq|k=5|one_way=True|seed=0,2,True,5,0,ALO,102,102,208.255,20.4
blocks=2|exp=seq|k=5|one_way=True|seed=0,2,True,5,0,Hybrid,102,102,0.219,1.1
blocks=1|exp=seq|k=10|one_way=False|seed=2,1,False,10,2,HeldKarp,78,78,9.509,286.0
blocks=1|exp=seq|k=10|one_way=False|seed=2,1,False,10,2,NN,86,78,0.021,1.1
blocks=1|exp=seq|k=10|one_way=False|seed=2,1,False,10,2,NN2opt,84,78,0.213,1.1
blocks=1|exp=seq|k=10|one_way=False|seed=2,1,False,10,2,GA,78,78,347.428,27.4
blocks=1|exp=seq|k=10|one_way=False|seed=2,1,False,10,2,ACO,78,78,58.206,11.6
blocks=1|exp=seq|k=10|one_way=False|seed=2,1,False,10,2,ALO,90,78,228.463,34.7
blocks=1|exp=seq|k=10|one_way=False|seed=2,1,False,10,2,Hybrid,84,78,1.107,1.1
blocks=2|exp=seq|k=5|one_way=True|seed=2,2,True,5,2,HeldKarp,90,90,0.115,3.7
blocks=2|exp=seq|k=5|one_way=True|seed=2,2,True,5,2,NN,132,90,0.01,1.1
blocks=2|exp=seq|k=5|one_way=True|seed=2,2,True,5,2,NN2opt,90,90,0.061,1.1
blocks=2|exp=seq|k=5|one_way=True|seed=2,2,True,5,2,GA,90,90,227.084,20.1
blocks=2|exp=seq|k=5|one_way=True|seed=2,2,True,5,2,ACO,90,90,25.444,5.5
blocks=2|exp=seq|k=5|one_way=True|seed=2,2,True,5,2,ALO,90,90,232.372,20.2
blocks=2|exp=seq|k=5|one_way=True|seed=2,2,True,5,2,Hybrid,90,90,0.27,1.1
blocks=2|exp=seq|k=10|one_way=True|seed=0,2,True,10,0,HeldKarp,150,150,9.178,286.0
blocks=2|exp=seq|k=10|one_way=True|seed=0,2,True,10,0,NN,150,150,0.023,1.1
blocks=2|exp=seq|k=10|one_way=True|seed=0,2,True,10,0,NN2opt,150,150,0.117,1.1
blocks=2|exp=seq|k=10|one_way=True|seed=0,2,True,10,0,GA,150,150,270.669,27.2
blocks=2|exp=seq|k=10|one_way=True|seed=0,2,True,10,0,ACO,150,150,61.832,11.7
blocks=2|exp=seq|k=10|one_way=True|seed=0,2,True,10,0,ALO,162,150,293.511,34.6
blocks=2|exp=seq|k=10|one_way=True|seed=0,2,True,10,0,Hybrid,150,150,0.606,1.1
blocks=2|exp=seq|k=5|one_way=False|seed=0,2,False,5,0,HeldKarp,80,80,0.11,3.7
blocks=2|exp=seq|k=5|one_way=False|seed=0,2,False,5,0,NN,84,80,0.01,1.1
blocks=2|exp=seq|k=5|one_way=False|seed=0,2,False,5,0,NN2opt,80,80,0.044,1.1
blocks=2|exp=seq|k=5|one_way=False|seed=0,2,False,5,0,GA,80,80,230.323,19.8
blocks=2|exp=seq|k=5|one_way=False|seed=0,2,False,5,0,ACO,80,80,25.705,5.5
blocks=2|exp=seq|k=5|one_way=False|seed=0,2,False,5,0,ALO,80,80,249.475,19.6
blocks=2|exp=seq|k=5|one_way=False|seed=0,2,False,5,0,Hybrid,80,80,0.261,1.1
blocks=2|exp=seq|k=5|one_way=False|seed=1,2,False,5,1,HeldKarp,90,90,0.117,3.7
blocks=2|exp=seq|k=5|one_way=False|seed=1,2,False,5,1,NN,90,90,0.01,1.1
blocks=2|exp=seq|k=5|one_way=False|seed=1,2,False,5,1,NN2opt,90,90,0.027,1.1
blocks=2|exp=seq|k=5|one_way=False|seed=1,2,False,5,1,GA,90,90,228.731,20.0
blocks=2|exp=seq|k=5|one_way=False|seed=1,2,False,5,1,ACO,90,90,26.382,5.5
blocks=2|exp=seq|k=5|one_way=False|seed=1,2,False,5,1,ALO,90,90,276.335,21.6
blocks=2|exp=seq|k=5|one_way=False|seed=1,2,False,5,1,Hybrid,90,90,0.111,1.1
blocks=2|exp=seq|k=5|one_way=False|seed=2,2,False,5,2,HeldKarp,80,80,0.112,3.7
blocks=2|exp=seq|k=5|one_way=False|seed=2,2,False,5,2,NN,80,80,0.01,1.1
blocks=2|exp=seq|k=5|one_way=False|seed=2,2,False,5,2,NN2opt,80,80,0.028,1.1
blocks=2|exp=seq|k=5|one_way=False|seed=2,2,False,5,2,GA,80,80,231.055,20.1
blocks=2|exp=seq|k=5|one_way=False|seed=2,2,False,5,2,ACO,80,80,28.152,5.4
blocks=2|exp=seq|k=5|one_way=False|seed=2,2,False,5,2,ALO,80,80,238.987,19.7
blocks=2|exp=seq|k=5|one_way=False|seed=2,2,False,5,2,Hybrid,80,80,0.115,1.1
blocks=2|exp=seq|k=10|one_way=True|seed=2,2,True,10,2,HeldKarp,120,120,9.476,286.0
blocks=2|exp=seq|k=10|one_way=True|seed=2,2,True,10,2,NN,120,120,0.02,1.1
blocks=2|exp=seq|k=10|one_way=True|seed=2,2,True,10,2,NN2opt,120,120,0.114,1.1
blocks=2|exp=seq|k=10|one_way=True|seed=2,2,True,10,2,GA,120,120,274.966,27.4
blocks=2|exp=seq|k=10|one_way=True|seed=2,2,True,10,2,ACO,120,120,66.087,11.6
blocks=2|exp=seq|k=10|one_way=True|seed=2,2,True,10,2,ALO,132,120,275.735,34.8
blocks=2|exp=seq|k=10|one_way=True|seed=2,2,True,10,2,Hybrid,120,120,0.613,1.1
blocks=2|exp=seq|k=10|one_way=True|seed=1,2,True,10,1,HeldKarp,150,150,9.161,286.0
blocks=2|exp=seq|k=10|one_way=True|seed=1,2,True,10,1,NN,180,150,0.02,1.1
blocks=2|exp=seq|k=10|one_way=True|seed=1,2,True,10,1,NN2opt,174,150,0.209,1.1
blocks=2|exp=seq|k=10|one_way=True|seed=1,2,True,10,1,GA,156,150,270.036,27.6
blocks=2|exp=seq|k=10|one_way=True|seed=1,2,True,10,1,ACO,150,150,88.419,11.6
blocks=2|exp=seq|k=10|one_way=True|seed=1,2,True,10,1,ALO,162,150,276.265,34.7
blocks=2|exp=seq|k=10|one_way=True|seed=1,2,True,10,1,Hybrid,150,150,1.47,1.1
blocks=2|exp=seq|k=10|one_way=False|seed=0,2,False,10,0,HeldKarp,116,116,10.698,286.0
blocks=2|exp=seq|k=10|one_way=False|seed=0,2,False,10,0,NN,116,116,0.024,1.1
blocks=2|exp=seq|k=10|one_way=False|seed=0,2,False,10,0,NN2opt,116,116,0.128,1.1
blocks=2|exp=seq|k=10|one_way=False|seed=0,2,False,10,0,GA,116,116,368.959,27.2
blocks=2|exp=seq|k=10|one_way=False|seed=0,2,False,10,0,ACO,116,116,65.571,11.6
blocks=2|exp=seq|k=10|one_way=False|seed=0,2,False,10,0,ALO,130,116,264.475,34.8
blocks=2|exp=seq|k=10|one_way=False|seed=0,2,False,10,0,Hybrid,116,116,0.591,1.1
blocks=3|exp=seq|k=5|one_way=True|seed=0,3,True,5,0,HeldKarp,108,108,0.126,3.7
blocks=3|exp=seq|k=5|one_way=True|seed=0,3,True,5,0,NN,108,108,0.013,1.1
blocks=3|exp=seq|k=5|one_way=True|seed=0,3,True,5,0,NN2opt,108,108,0.03,1.1
blocks=3|exp=seq|k=5|one_way=True|seed=0,3,True,5,0,GA,108,108,262.816,19.8
blocks=3|exp=seq|k=5|one_way=True|seed=0,3,True,5,0,ACO,108,108,26.829,5.4
blocks=3|exp=seq|k=5|one_way=True|seed=0,3,True,5,0,ALO,108,108,225.088,20.5
blocks=3|exp=seq|k=5|one_way=True|seed=0,3,True,5,0,Hybrid,108,108,0.112,1.1
blocks=2|exp=seq|k=10|one_way=False|seed=1,2,False,10,1,HeldKarp,104,104,10.863,286.0
blocks=2|exp=seq|k=10|one_way=False|seed=1,2,False,10,1,NN,104,104,0.022,1.1
blocks=2|exp=seq|k=10|one_way=False|seed=1,2,False,10,1,NN2opt,104,104,0.314,1.1
blocks=2|exp=seq|k=10|one_way=False|seed=1,2,False,10,1,GA,108,104,341.133,27.6
blocks=2|exp=seq|k=10|one_way=False|seed=1,2,False,10,1,ACO,104,104,63.607,11.6
blocks=2|exp=seq|k=10|one_way=False|seed=1,2,False,10,1,ALO,126,104,253.724,34.6
blocks=2|exp=seq|k=10|one_way=False|seed=1,2,False,10,1,Hybrid,104,104,0.6,1.1
blocks=3|exp=seq|k=5|one_way=True|seed=1,3,True,5,1,HeldKarp,132,132,0.128,3.7
blocks=3|exp=seq|k=5|one_way=True|seed=1,3,True,5,1,NN,186,132,0.011,1.1
blocks=3|exp=seq|k=5|one_way=True|seed=1,3,True,5,1,NN2opt,132,132,0.07,1.1
blocks=3|exp=seq|k=5|one_way=True|seed=1,3,True,5,1,GA,132,132,281.876,20.0
blocks=3|exp=seq|k=5|one_way=True|seed=1,3,True,5,1,ACO,132,132,26.269,5.5
blocks=3|exp=seq|k=5|one_way=True|seed=1,3,True,5,1,ALO,132,132,226.15,19.6
blocks=3|exp=seq|k=5|one_way=True|seed=1,3,True,5,1,Hybrid,132,132,0.287,1.1
blocks=3|exp=seq|k=5|one_way=True|seed=2,3,True,5,2,HeldKarp,114,114,0.124,3.7
blocks=3|exp=seq|k=5|one_way=True|seed=2,3,True,5,2,NN,150,114,0.011,1.1
blocks=3|exp=seq|k=5|one_way=True|seed=2,3,True,5,2,NN2opt,114,114,0.051,1.1
blocks=3|exp=seq|k=5|one_way=True|seed=2,3,True,5,2,GA,114,114,294.315,20.1
blocks=3|exp=seq|k=5|one_way=True|seed=2,3,True,5,2,ACO,114,114,26.736,5.5
blocks=3|exp=seq|k=5|one_way=True|seed=2,3,True,5,2,ALO,114,114,231.182,20.1
blocks=3|exp=seq|k=5|one_way=True|seed=2,3,True,5,2,Hybrid,114,114,0.246,1.1
blocks=2|exp=seq|k=10|one_way=False|seed=2,2,False,10,2,HeldKarp,90,90,9.939,286.0
blocks=2|exp=seq|k=10|one_way=False|seed=2,2,False,10,2,NN,106,90,0.023,1.1
blocks=2|exp=seq|k=10|one_way=False|seed=2,2,False,10,2,NN2opt,90,90,0.325,1.1
blocks=2|exp=seq|k=10|one_way=False|seed=2,2,False,10,2,GA,90,90,314.929,27.4
blocks=2|exp=seq|k=10|one_way=False|seed=2,2,False,10,2,ACO,90,90,63.875,11.6
blocks=2|exp=seq|k=10|one_way=False|seed=2,2,False,10,2,ALO,112,90,257.313,34.6
blocks=2|exp=seq|k=10|one_way=False|seed=2,2,False,10,2,Hybrid,90,90,1.476,1.1
blocks=3|exp=seq|k=10|one_way=True|seed=0,3,True,10,0,HeldKarp,126,126,10.614,286.0
blocks=3|exp=seq|k=10|one_way=True|seed=0,3,True,10,0,NN,174,126,0.025,1.1
blocks=3|exp=seq|k=10|one_way=True|seed=0,3,True,10,0,NN2opt,174,126,0.132,1.1
blocks=3|exp=seq|k=10|one_way=True|seed=0,3,True,10,0,GA,156,126,326.878,27.2
blocks=3|exp=seq|k=10|one_way=True|seed=0,3,True,10,0,ACO,126,126,62.968,11.6
blocks=3|exp=seq|k=10|one_way=True|seed=0,3,True,10,0,ALO,174,126,250.873,34.7
blocks=3|exp=seq|k=10|one_way=True|seed=0,3,True,10,0,Hybrid,126,126,1.676,1.1
blocks=3|exp=seq|k=10|one_way=True|seed=1,3,True,10,1,HeldKarp,132,132,9.975,286.0
blocks=3|exp=seq|k=10|one_way=True|seed=1,3,True,10,1,NN,150,132,0.022,1.1
blocks=3|exp=seq|k=10|one_way=True|seed=1,3,True,10,1,NN2opt,150,132,0.124,1.1
blocks=3|exp=seq|k=10|one_way=True|seed=1,3,True,10,1,GA,132,132,292.706,27.6
blocks=3|exp=seq|k=10|one_way=True|seed=1,3,True,10,1,ACO,132,132,62.636,11.7
blocks=3|exp=seq|k=10|one_way=True|seed=1,3,True,10,1,ALO,150,132,261.172,35.0
blocks=3|exp=seq|k=10|one_way=True|seed=1,3,True,10,1,Hybrid,132,132,1.237,1.1
blocks=3|exp=seq|k=5|one_way=False|seed=2,3,False,5,2,HeldKarp,82,82,0.122,3.7
blocks=3|exp=seq|k=5|one_way=False|seed=2,3,False,5,2,NN,82,82,0.01,1.1
blocks=3|exp=seq|k=5|one_way=False|seed=2,3,False,5,2,NN2opt,82,82,0.031,1.1
blocks=3|exp=seq|k=5|one_way=False|seed=2,3,False,5,2,GA,82,82,249.281,20.1
blocks=3|exp=seq|k=5|one_way=False|seed=2,3,False,5,2,ACO,82,82,26.613,5.4
blocks=3|exp=seq|k=5|one_way=False|seed=2,3,False,5,2,ALO,86,82,237.507,19.6
blocks=3|exp=seq|k=5|one_way=False|seed=2,3,False,5,2,Hybrid,82,82,0.277,1.1
blocks=3|exp=seq|k=5|one_way=False|seed=0,3,False,5,0,HeldKarp,92,92,0.121,3.7
blocks=3|exp=seq|k=5|one_way=False|seed=0,3,False,5,0,NN,106,92,0.011,1.1
blocks=3|exp=seq|k=5|one_way=False|seed=0,3,False,5,0,NN2opt,92,92,0.05,1.1
blocks=3|exp=seq|k=5|one_way=False|seed=0,3,False,5,0,GA,92,92,251.748,19.8
blocks=3|exp=seq|k=5|one_way=False|seed=0,3,False,5,0,ACO,92,92,27.333,5.4
blocks=3|exp=seq|k=5|one_way=False|seed=0,3,False,5,0,ALO,92,92,238.505,19.8
blocks=3|exp=seq|k=5|one_way=False|seed=0,3,False,5,0,Hybrid,92,92,0.214,1.1
blocks=3|exp=seq|k=5|one_way=False|seed=1,3,False,5,1,HeldKarp,90,90,0.123,3.7
blocks=3|exp=seq|k=5|one_way=False|seed=1,3,False,5,1,NN,92,90,0.01,1.1
blocks=3|exp=seq|k=5|one_way=False|seed=1,3,False,5,1,NN2opt,90,90,0.05,1.1
blocks=3|exp=seq|k=5|one_way=False|seed=1,3,False,5,1,GA,90,90,252.799,20.0
blocks=3|exp=seq|k=5|one_way=False|seed=1,3,False,5,1,ACO,90,90,26.952,5.5
blocks=3|exp=seq|k=5|one_way=False|seed=1,3,False,5,1,ALO,90,90,244.281,19.8
blocks=3|exp=seq|k=5|one_way=False|seed=1,3,False,5,1,Hybrid,90,90,0.233,1.1
blocks=3|exp=seq|k=10|one_way=True|seed=2,3,True,10,2,HeldKarp,138,138,9.961,286.0
blocks=3|exp=seq|k=10|one_way=True|seed=2,3,True,10,2,NN,162,138,0.022,1.1
blocks=3|exp=seq|k=10|one_way=True|seed=2,3,True,10,2,NN2opt,162,138,0.127,1.1
blocks=3|exp=seq|k=10|one_way=True|seed=2,3,True,10,2,GA,156,138,290.668,27.4
blocks=3|exp=seq|k=10|one_way=True|seed=2,3,True,10,2,ACO,138,138,64.535,11.7
blocks=3|exp=seq|k=10|one_way=True|seed=2,3,True,10,2,ALO,222,138,262.739,34.6
blocks=3|exp=seq|k=10|one_way=True|seed=2,3,True,10,2,Hybrid,138,138,1.198,1.1
blocks=3|exp=seq|k=10|one_way=False|seed=0,3,False,10,0,HeldKarp,112,112,10.274,286.0
blocks=3|exp=seq|k=10|one_way=False|seed=0,3,False,10,0,NN,122,112,0.022,1.1
blocks=3|exp=seq|k=10|one_way=False|seed=0,3,False,10,0,NN2opt,116,112,0.241,1.1
blocks=3|exp=seq|k=10|one_way=False|seed=0,3,False,10,0,GA,112,112,299.307,27.2
blocks=3|exp=seq|k=10|one_way=False|seed=0,3,False,10,0,ACO,112,112,65.029,11.6
blocks=3|exp=seq|k=10|one_way=False|seed=0,3,False,10,0,ALO,118,112,261.336,34.6
blocks=3|exp=seq|k=10|one_way=False|seed=0,3,False,10,0,Hybrid,116,112,1.148,1.1
blocks=3|exp=seq|k=10|one_way=False|seed=1,3,False,10,1,HeldKarp,110,110,9.945,286.0
blocks=3|exp=seq|k=10|one_way=False|seed=1,3,False,10,1,NN,126,110,0.022,1.1
blocks=3|exp=seq|k=10|one_way=False|seed=1,3,False,10,1,NN2opt,118,110,0.229,1.1
blocks=3|exp=seq|k=10|one_way=False|seed=1,3,False,10,1,GA,110,110,289.262,27.6
blocks=3|exp=seq|k=10|one_way=False|seed=1,3,False,10,1,ACO,112,110,67.114,11.6
blocks=3|exp=seq|k=10|one_way=False|seed=1,3,False,10,1,ALO,122,110,218.109,34.7
blocks=3|exp=seq|k=10|one_way=False|seed=1,3,False,10,1,Hybrid,116,110,1.151,1.1
blocks=3|exp=seq|k=10|one_way=False|seed=2,3,False,10,2,HeldKarp,106,106,10.008,286.0
blocks=3|exp=seq|k=10|one_way=False|seed=2,3,False,10,2,NN,124,106,0.022,1.1
blocks=3|exp=seq|k=10|one_way=False|seed=2,3,False,10,2,NN2opt,106,106,0.207,1.1
blocks=3|exp=seq|k=10|one_way=False|seed=2,3,False,10,2,GA,106,106,255.856,27.4
blocks=3|exp=seq|k=10|one_way=False|seed=2,3,False,10,2,ACO,106,106,52.583,11.6
blocks=3|exp=seq|k=10|one_way=False|seed=2,3,False,10,2,ALO,134,106,191.338,34.6
blocks=3|exp=seq|k=10|one_way=False|seed=2,3,False,10,2,Hybrid,106,106,1.06,1.1
