job,width,one_way,robots,algo,policy,seed,success,makespan,distance,planned_distance,wait_time,conflicts,replans,deadlocks,sidesteps,planning_ms
algo=HeldKarp|exp=sim|one_way=True|policy=wait|robots=1|seed=0|width=1,1,True,1,HeldKarp,wait,0,True,354.0,306,306,0.0,0,0,0,0,4.63
algo=HeldKarp|exp=sim|one_way=True|policy=wait|robots=1|seed=1|width=1,1,True,1,HeldKarp,wait,1,True,360.0,312,312,0.0,0,0,0,0,4.51
algo=HeldKarp|exp=sim|one_way=True|policy=replan|robots=1|seed=0|width=1,1,True,1,HeldKarp,replan,0,True,354.0,306,306,0.0,0,0,0,0,4.57
algo=NN|exp=sim|one_way=True|policy=replan|robots=1|seed=0|width=1,1,True,1,NN,replan,0,True,354.0,306,306,0.0,0,0,0,0,0.06
algo=NN|exp=sim|one_way=True|policy=wait|robots=1|seed=1|width=1,1,True,1,NN,wait,1,True,360.0,312,312,0.0,0,0,0,0,0.06
algo=NN|exp=sim|one_way=True|policy=wait|robots=1|seed=0|width=1,1,True,1,NN,wait,0,True,354.0,306,306,0.0,0,0,0,0,0.1
algo=HeldKarp|exp=sim|one_way=True|policy=replan|robots=1|seed=1|width=1,1,True,1,HeldKarp,replan,1,True,360.0,312,312,0.0,0,0,0,0,4.72
algo=NN|exp=sim|one_way=True|policy=replan|robots=1|seed=1|width=1,1,True,1,NN,replan,1,True,360.0,312,312,0.0,0,0,0,0,0.06
algo=NN2opt|exp=sim|one_way=True|policy=wait|robots=1|seed=0|width=1,1,True,1,NN2opt,wait,0,True,354.0,306,306,0.0,0,0,0,0,0.36
algo=NN2opt|exp=sim|one_way=True|policy=replan|robots=1|seed=0|width=1,1,True,1,NN2opt,replan,0,True,354.0,306,306,0.0,0,0,0,0,0.26
algo=NN2opt|exp=sim|one_way=True|policy=wait|robots=1|seed=1|width=1,1,True,1,NN2opt,wait,1,True,360.0,312,312,0.0,0,0,0,0,0.26
algo=NN2opt|exp=sim|one_way=True|policy=replan|robots=1|seed=1|width=1,1,True,1,NN2opt,replan,1,True,360.0,312,312,0.0,0,0,0,0,0.27
algo=ACO|exp=sim|one_way=True|policy=replan|robots=1|seed=0|width=1,1,True,1,ACO,replan,0,True,354.0,306,306,0.0,0,0,0,0,135.92
algo=ACO|exp=sim|one_way=True|policy=wait|robots=1|seed=0|width=1,1,True,1,ACO,wait,0,True,354.0,306,306,0.0,0,0,0,0,140.08
algo=ACO|exp=sim|one_way=True|policy=wait|robots=1|seed=1|width=1,1,True,1,ACO,wait,1,True,360.0,312,312,0.0,0,0,0,0,139.25
algo=ACO|exp=sim|one_way=True|policy=replan|robots=1|seed=1|width=1,1,True,1,ACO,replan,1,True,360.0,312,312,0.0,0,0,0,0,137.95
algo=GA|exp=sim|one_way=True|policy=wait|robots=1|seed=0|width=1,1,True,1,GA,wait,0,True,354.0,306,306,0.0,0,0,0,0,822.52
algo=GA|exp=sim|one_way=True|policy=replan|robots=1|seed=0|width=1,1,True,1,GA,replan,0,True,354.0,306,306,0.0,0,0,0,0,817.33
algo=GA|exp=sim|one_way=True|policy=wait|robots=1|seed=1|width=1,1,True,1,GA,wait,1,True,366.0,318,318,0.0,0,0,0,0,822.02
algo=GA|exp=sim|one_way=True|policy=replan|robots=1|seed=1|width=1,1,True,1,GA,replan,1,True,366.0,318,318,0.0,0,0,0,0,818.7
algo=Hybrid|exp=sim|one_way=True|policy=wait|robots=1|seed=0|width=1,1,True,1,Hybrid,wait,0,True,354.0,306,306,0.0,0,0,0,0,1.03
algo=Hybrid|exp=sim|one_way=True|policy=wait|robots=1|seed=1|width=1,1,True,1,Hybrid,wait,1,True,360.0,312,312,0.0,0,0,0,0,1.05
algo=Hybrid|exp=sim|one_way=True|policy=replan|robots=1|seed=0|width=1,1,True,1,Hybrid,replan,0,True,354.0,306,306,0.0,0,0,0,0,1.02
algo=Hybrid|exp=sim|one_way=True|policy=replan|robots=1|seed=1|width=1,1,True,1,Hybrid,replan,1,True,360.0,312,312,0.0,0,0,0,0,0.99
algo=ALO|exp=sim|one_way=True|policy=wait|robots=1|seed=0|width=1,1,True,1,ALO,wait,0,True,382.0,334,334,0.0,0,0,0,0,770.14
algo=ALO|exp=sim|one_way=True|policy=wait|robots=1|seed=1|width=1,1,True,1,ALO,wait,1,True,428.0,380,380,0.0,0,0,0,0,775.12
algo=HeldKarp|exp=sim|one_way=True|policy=wait|robots=5|seed=0|width=1,1,True,5,HeldKarp,wait,0,True,498.0,1884,1670,158.36,62,7,21,13,23.78
algo=HeldKarp|exp=sim|one_way=True|policy=wait|robots=5|seed=1|width=1,1,True,5,HeldKarp,wait,1,True,547.0,1948,1692,104.67,36,9,14,3,24.43
algo=HeldKarp|exp=sim|one_way=True|policy=replan|robots=5|seed=0|width=1,1,True,5,HeldKarp,replan,0,True,589.0,1976,1670,150.0,56,12,22,14,23.99
algo=NN|exp=sim|one_way=True|policy=wait|robots=5|seed=0|width=1,1,True,5,NN,wait,0,True,546.0,1956,1728,113.66,35,7,14,4,0.27
algo=NN|exp=sim|one_way=True|policy=wait|robots=5|seed=1|width=1,1,True,5,NN,wait,1,True,500.0,1938,1762,126.0,51,9,16,7,0.26
algo=NN|exp=sim|one_way=True|policy=replan|robots=5|seed=0|width=1,1,True,5,NN,replan,0,True,591.0,1968,1728,108.0,43,14,12,4,0.26
algo=HeldKarp|exp=sim|one_way=True|policy=replan|robots=5|seed=1|width=1,1,True,5,HeldKarp,replan,1,True,509.0,1888,1692,92.98,45,9,14,7,24.72
algo=NN|exp=sim|one_way=True|policy=replan|robots=5|seed=1|width=1,1,True,5,NN,replan,1,True,631.0,2092,1762,209.0,77,19,30,17,0.26
algo=NN2opt|exp=sim|one_way=True|policy=wait|robots=5|seed=0|width=1,1,True,5,NN2opt,wait,0,True,510.0,1824,1704,110.0,49,4,11,7,1.42
algo=ALO|exp=sim|one_way=True|policy=replan|robots=1|seed=0|width=1,1,True,1,ALO,replan,0,True,382.0,334,334,0.0,0,0,0,0,780.57
algo=NN2opt|exp=sim|one_way=True|policy=wait|robots=5|seed=1|width=1,1,True,5,NN2opt,wait,1,True,534.0,1922,1754,134.0,61,7,16,9,1.26
algo=NN2opt|exp=sim|one_way=True|policy=replan|robots=5|seed=0|width=1,1,True,5,NN2opt,replan,0,True,499.0,1806,1704,57.0,37,4,3,1,1.42
algo=NN2opt|exp=sim|one_way=True|policy=replan|robots=5|seed=1|width=1,1,True,5,NN2opt,replan,1,True,534.0,1954,1754,140.0,63,10,17,10,1.26
algo=ALO|exp=sim|one_way=True|policy=replan|robots=1|seed=1|width=1,1,True,1,ALO,replan,1,True,428.0,380,380,0.0,0,0,0,0,773.88
algo=ACO|exp=sim|one_way=True|policy=wait|robots=5|seed=0|width=1,1,True,5,ACO,wait,0,True,453.0,1852,1670,85.0,34,6,11,5,700.59
algo=ACO|exp=sim|one_way=True|policy=wait|robots=5|seed=1|width=1,1,True,5,ACO,wait,1,True,487.0,1872,1692,108.0,44,3,13,10,712.74
algo=ACO|exp=sim|one_way=True|policy=replan|robots=5|seed=0|width=1,1,True,5,ACO,replan,0,True,506.0,1980,1670,145.0,60,17,20,10,698.2
algo=ACO|exp=sim|one_way=True|policy=replan|robots=5|seed=1|width=1,1,True,5,ACO,replan,1,True,487.0,1872,1692,108.0,44,4,13,10,697.04
algo=GA|exp=sim|one_way=True|policy=wait|robots=5|seed=0|width=1,1,True,5,GA,wait,0,True,516.0,1928,1672,118.28,46,8,17,8,4092.38
algo=GA|exp=sim|one_way=True|policy=replan|robots=5|seed=0|width=1,1,True,5,GA,replan,0,True,491.0,1862,1672,80.28,36,11,12,4,4111.24
algo=GA|exp=sim|one_way=True|policy=replan|robots=5|seed=1|width=1,1,True,5,GA,replan,1,True,558.0,1972,1698,118.69,43,9,17,8,4123.05
algo=GA|exp=sim|one_way=True|policy=wait|robots=5|seed=1|width=1,1,True,5,GA,wait,1,True,544.0,1910,1698,103.0,44,6,13,7,4141.93
algo=Hybrid|exp=sim|one_way=True|policy=wait|robots=5|seed=0|width=1,1,True,5,Hybrid,wait,0,True,467.0,1858,1672,117.0,46,8,16,8,8.7
algo=Hybrid|exp=sim|one_way=True|policy=wait|robots=5|seed=1|width=1,1,True,5,Hybrid,wait,1,True,464.0,1768,1692,44.0,23,3,4,1,8.07
algo=Hybrid|exp=sim|one_way=True|policy=replan|robots=5|seed=0|width=1,1,True,5,Hybrid,replan,0,True,536.0,2050,1672,198.27,70,24,29,15,8.41
algo=HeldKarp|exp=sim|one_way=True|policy=wait|robots=1|seed=0|width=2,2,True,1,HeldKarp,wait,0,True,404.0,356,356,0.0,0,0,0,0,4.7
algo=HeldKarp|exp=sim|one_way=True|policy=wait|robots=1|seed=1|width=2,2,True,1,HeldKarp,wait,1,True,398.0,350,350,0.0,0,0,0,0,4.74
algo=HeldKarp|exp=sim|one_way=True|policy=replan|robots=1|seed=0|width=2,2,True,1,HeldKarp,replan,0,True,404.0,356,356,0.0,0,0,0,0,4.81
algo=Hybrid|exp=sim|one_way=True|policy=replan|robots=5|seed=1|width=1,1,True,5,Hybrid,replan,1,True,465.0,1766,1692,71.0,35,4,8,5,7.85
algo=NN|exp=sim|one_way=True|policy=wait|robots=1|seed=0|width=2,2,True,1,NN,wait,0,True,412.0,364,364,0.0,0,0,0,0,0.06
algo=HeldKarp|exp=sim|one_way=True|policy=replan|robots=1|seed=1|width=2,2,True,1,HeldKarp,replan,1,True,398.0,350,350,0.0,0,0,0,0,4.94
algo=NN|exp=sim|one_way=True|policy=wait|robots=1|seed=1|width=2,2,True,1,NN,wait,1,True,416.0,368,368,0.0,0,0,0,0,0.05
algo=NN|exp=sim|one_way=True|policy=replan|robots=1|seed=0|width=2,2,True,1,NN,replan,0,True,412.0,364,364,0.0,0,0,0,0,0.06
algo=NN|exp=sim|one_way=True|policy=replan|robots=1|seed=1|width=2,2,True,1,NN,replan,1,True,416.0,368,368,0.0,0,0,0,0,0.05
algo=NN2opt|exp=sim|one_way=True|policy=wait|robots=1|seed=0|width=2,2,True,1,NN2opt,wait,0,True,412.0,364,364,0.0,0,0,0,0,0.25
algo=NN2opt|exp=sim|one_way=True|policy=wait|robots=1|seed=1|width=2,2,True,1,NN2opt,wait,1,True,400.0,352,352,0.0,0,0,0,0,0.31
algo=NN2opt|exp=sim|one_way=True|policy=replan|robots=1|seed=0|width=2,2,True,1,NN2opt,replan,0,True,412.0,364,364,0.0,0,0,0,0,0.27
algo=NN2opt|exp=sim|one_way=True|policy=replan|robots=1|seed=1|width=2,2,True,1,NN2opt,replan,1,True,400.0,352,352,0.0,0,0,0,0,0.32
algo=ALO|exp=sim|one_way=True|policy=wait|robots=5|seed=0|width=1,1,True,5,ALO,wait,0,True,562.0,1920,1800,100.0,43,6,11,5,3644.66
algo=ALO|exp=sim|one_way=True|policy=wait|robots=5|seed=1|width=1,1,True,5,ALO,wait,1,True,654.0,2286,1858,253.54,90,13,35,20,3674.69
algo=ACO|exp=sim|one_way=True|policy=wait|robots=1|seed=0|width=2,2,True,1,ACO,wait,0,True,404.0,356,356,0.0,0,0,0,0,137.09
algo=GA|exp=sim|one_way=True|policy=wait|robots=1|seed=1|width=2,2,True,1,GA,wait,1,True,408.0,360,360,0.0,0,0,0,0,832.85
algo=GA|exp=sim|one_way=True|policy=wait|robots=1|seed=0|width=2,2,True,1,GA,wait,0,True,404.0,356,356,0.0,0,0,0,0,839.47
algo=GA|exp=sim|one_way=True|policy=replan|robots=1|seed=0|width=2,2,True,1,GA,replan,0,True,404.0,356,356,0.0,0,0,0,0,839.35
algo=ALO|exp=sim|one_way=True|policy=replan|robots=5|seed=0|width=1,1,True,5,ALO,replan,0,True,704.0,2204,1800,151.39,59,17,18,6,3707.35
algo=ACO|exp=sim|one_way=True|policy=wait|robots=1|seed=1|width=2,2,True,1,ACO,wait,1,True,398.0,350,350,0.0,0,0,0,0,141.4
algo=GA|exp=sim|one_way=True|policy=replan|robots=1|seed=1|width=2,2,True,1,GA,replan,1,True,408.0,360,360,0.0,0,0,0,0,838.14
algo=ACO|exp=sim|one_way=True|policy=replan|robots=1|seed=1|width=2,2,True,1,ACO,replan,1,True,398.0,350,350,0.0,0,0,0,0,136.93
algo=ACO|exp=sim|one_way=True|policy=replan|robots=1|seed=0|width=2,2,True,1,ACO,replan,0,True,404.0,356,356,0.0,0,0,0,0,143.91
algo=Hybrid|exp=sim|one_way=True|policy=wait|robots=1|seed=0|width=2,2,True,1,Hybrid,wait,0,True,404.0,356,356,0.0,0,0,0,0,1.55
algo=Hybrid|exp=sim|one_way=True|policy=wait|robots=1|seed=1|width=2,2,True,1,Hybrid,wait,1,True,400.0,352,352,0.0,0,0,0,0,1.64
algo=Hybrid|exp=sim|one_way=True|policy=replan|robots=1|seed=0|width=2,2,True,1,Hybrid,replan,0,True,404.0,356,356,0.0,0,0,0,0,1.66
algo=Hybrid|exp=sim|one_way=True|policy=replan|robots=1|seed=1|width=2,2,True,1,Hybrid,replan,1,True,400.0,352,352,0.0,0,0,0,0,2.33
algo=HeldKarp|exp=sim|one_way=True|policy=wait|robots=5|seed=0|width=2,2,True,5,HeldKarp,wait,0,True,504.0,1936,1758,64.0,33,6,6,0,25.44
algo=HeldKarp|exp=sim|one_way=True|policy=wait|robots=5|seed=1|width=2,2,True,5,HeldKarp,wait,1,True,545.0,1980,1844,55.0,27,4,6,2,25.58
algo=HeldKarp|exp=sim|one_way=True|policy=replan|robots=5|seed=0|width=2,2,True,5,HeldKarp,replan,0,True,503.0,1986,1758,55.0,25,12,7,1,25.09
algo=HeldKarp|exp=sim|one_way=True|policy=replan|robots=5|seed=1|width=2,2,True,5,HeldKarp,replan,1,True,545.0,2010,1844,58.0,30,8,6,1,25.04
algo=NN|exp=sim|one_way=True|policy=wait|robots=5|seed=0|width=2,2,True,5,NN,wait,0,True,527.0,1916,1808,37.0,15,4,5,1,0.25
algo=NN|exp=sim|one_way=True|policy=wait|robots=5|seed=1|width=2,2,True,5,NN,wait,1,True,585.0,2168,1974,106.0,43,9,12,3,0.26
algo=NN|exp=sim|one_way=True|policy=replan|robots=5|seed=0|width=2,2,True,5,NN,replan,0,True,525.0,1992,1808,60.0,25,12,8,1,0.26
algo=NN|exp=sim|one_way=True|policy=replan|robots=5|seed=1|width=2,2,True,5,NN,replan,1,True,591.0,2274,1974,107.5,41,19,14,3,0.26
algo=ALO|exp=sim|one_way=True|policy=wait|robots=1|seed=0|width=2,2,True,1,ALO,wait,0,True,442.0,394,394,0.0,0,0,0,0,748.99
algo=ALO|exp=sim|one_way=True|policy=wait|robots=1|seed=1|width=2,2,True,1,ALO,wait,1,True,454.0,406,406,0.0,0,0,0,0,734.9
algo=ALO|exp=sim|one_way=True|policy=replan|robots=1|seed=0|width=2,2,True,1,ALO,replan,0,True,442.0,394,394,0.0,0,0,0,0,745.96
algo=ALO|exp=sim|one_way=True|policy=replan|robots=1|seed=1|width=2,2,True,1,ALO,replan,1,True,454.0,406,406,0.0,0,0,0,0,744.01
algo=NN2opt|exp=sim|one_way=True|policy=wait|robots=5|seed=0|width=2,2,True,5,NN2opt,wait,0,True,521.0,1966,1796,58.0,23,7,8,1,1.43
algo=NN2opt|exp=sim|one_way=True|policy=replan|robots=5|seed=0|width=2,2,True,5,NN2opt,replan,0,True,518.0,2036,1796,65.0,25,14,9,1,1.64
algo=NN2opt|exp=sim|one_way=True|policy=wait|robots=5|seed=1|width=2,2,True,5,NN2opt,wait,1,True,566.0,2150,1948,132.0,49,11,16,5,1.48
algo=NN2opt|exp=sim|one_way=True|policy=replan|robots=5|seed=1|width=2,2,True,5,NN2opt,replan,1,True,649.0,2428,1948,170.5,60,33,24,5,1.64
algo=ACO|exp=sim|one_way=True|policy=wait|robots=5|seed=0|width=2,2,True,5,ACO,wait,0,True,498.0,1942,1758,69.0,26,9,9,0,733.96
algo=ACO|exp=sim|one_way=True|policy=wait|robots=5|seed=1|width=2,2,True,5,ACO,wait,1,True,584.0,2076,1844,119.98,39,14,18,3,736.17
algo=ACO|exp=sim|one_way=True|policy=replan|robots=5|seed=0|width=2,2,True,5,ACO,replan,0,True,547.0,1944,1758,66.32,30,12,7,0,728.98
algo=ALO|exp=sim|one_way=True|policy=replan|robots=5|seed=1|width=1,1,True,5,ALO,replan,1,True,538.0,2042,1858,86.0,37,7,10,6,3796.08
algo=ACO|exp=sim|one_way=True|policy=replan|robots=5|seed=1|width=2,2,True,5,ACO,replan,1,True,626.0,2332,1844,130.88,52,31,16,1,735.52
algo=GA|exp=sim|one_way=True|policy=wait|robots=5|seed=0|width=2,2,True,5,GA,wait,0,True,510.0,1986,1758,75.0,30,7,9,2,4262.14
algo=GA|exp=sim|one_way=True|policy=wait|robots=5|seed=1|width=2,2,True,5,GA,wait,1,True,524.0,2074,1880,104.0,38,10,13,3,4273.3
algo=GA|exp=sim|one_way=True|policy=replan|robots=5|seed=0|width=2,2,True,5,GA,replan,0,True,480.0,2014,1758,54.0,29,10,6,0,4280.8
algo=GA|exp=sim|one_way=True|policy=replan|robots=5|seed=1|width=2,2,True,5,GA,replan,1,True,591.0,2310,1880,130.0,50,26,19,6,4297.48
algo=Hybrid|exp=sim|one_way=True|policy=wait|robots=5|seed=0|width=2,2,True,5,Hybrid,wait,0,True,495.0,1922,1764,81.0,33,7,8,1,8.12
algo=Hybrid|exp=sim|one_way=True|policy=wait|robots=5|seed=1|width=2,2,True,5,Hybrid,wait,1,True,599.0,2192,1860,148.98,60,13,18,4,8.85
algo=Hybrid|exp=sim|one_way=True|policy=replan|robots=5|seed=0|width=2,2,True,5,Hybrid,replan,0,True,523.0,2024,1764,52.0,24,14,7,0,7.98
algo=Hybrid|exp=sim|one_way=True|policy=replan|robots=5|seed=1|width=2,2,True,5,Hybrid,replan,1,True,528.0,1982,1860,40.0,22,5,4,2,8.59
algo=ALO|exp=sim|one_way=True|policy=wait|robots=5|seed=0|width=2,2,True,5,ALO,wait,0,True,559.0,2222,1976,77.0,31,9,9,0,3703.58
algo=ALO|exp=sim|one_way=True|policy=wait|robots=5|seed=1|width=2,2,True,5,ALO,wait,1,True,561.0,2332,2068,97.28,36,11,14,2,3688.11
algo=ALO|exp=sim|one_way=True|policy=replan|robots=5|seed=0|width=2,2,True,5,ALO,replan,0,True,626.0,2310,1976,81.0,31,22,11,0,3675.31
algo=ALO|exp=sim|one_way=True|policy=replan|robots=5|seed=1|width=2,2,True,5,ALO,replan,1,True,597.7200272607445,2442,2068,94.88,40,17,11,2,3135.56
